,text,target
0,"Игрушка просто замечательная! Дочке очень понравилась, она играет с ней каждый день.",товары для детей
1,"Купила конструктор для сына, но качество оставляет желать лучшего. Многие детали сломались после первой же игры.",товары для детей
2,"Заказала игрушку для дочки, но продавец отправил её не на тот адрес. Деньги не вернули, хотя спор уже открыт.",товары для детей
3,Пришла кукла с дефектом – глаза отклеились. Никаких описаний такого дефекта в описании товара не было.,товары для детей
4,"Отправили коробку вместо игрушки. Когда я позвонила в службу доставки, они ответили, что это нормально.",нет товара
5,"Конструктор просто отличный! Дети в восторге, они проводят весь день собирая разные модели. Очень рада, что купила его.",товары для детей
6,"Конструктор очень плохого качества, детали постоянно ломаются и теряются. Дочке очень обидно, ей не нравится игрушечный магазин после этого.",товары для детей
7,"Заказ ждала два месяца, но конструктор так и не пришел. Деньги вернули быстро, но это не компенсирует потерянное время и ожидание.",нет товара
8,"Пришел конструктор, но детали плохо склеиваются и постоянно выпадают. Трудно собрать что-то даже простое. Очень разочарован.",товары для детей
9,"Пришла коробка без конструктора, просто пустая коробка. Деньги вернули быстро, но заказ так и не пришел.",нет товара
10,"Кукла просто замечательная, дочке она очень понравилась. Она такая яркая и красивая!",товары для детей
11,"Купила куклу для дочери, но качество оставляет желать лучшего. Ткань начала рваться уже после нескольких дней использования.",товары для детей
12,"Кукла пришла через неделю, хотя обещали раньше. Доставка затянулась, а возврат денег до сих пор не осуществлен.",товары для детей
13,"Ткань куклы очень тонкая и просвечивает. Длина куклы меньше, чем на фотографии.",нет товара
14,"Заказ не отслеживался несколько дней. Когда кукла пришла, она была упакована в обычную коробку, без дополнительной защиты.",нет товара
15,"Машинка просто отличная! Дочке очень понравилась, она уже просит купить еще одну!",товары для детей
16,"Машинка была очень плохого качества, детали постоянно отваливаются. Дочка очень расстроилась.",товары для детей
17,"Заказала машинку для дочки, но она до сих пор не пришла. Возврат денег также не был проведен.",нет товара
18,На машинке видны следы царапин и царапины на поверхности. Цвет тоже не совсем соответствует фото.,товары для детей
19,"Заказ оформила 15.03.23, но машинка до сих пор не пришла. Отслеживание трека тоже не работает.",нет товара
20,Коляска просто отличная! Дочка с удовольствием катается на ней и растет вместе с ней. Очень удобная и вместительная.,товары для детей
21,"Купила коляску для дочки, но качество просто ужасное. Материал рвется, ручки болтаются. Деньги вернули только через месяц после обращения.",товары для детей
22,"Коляска так и не пришла, хотя деньги вернули. Доставка заняла больше месяца. Очень разочарована.",нет товара
23,"Ручки коляски немного коротковатые, а также заметен небольшой скол на раме. В остальном все хорошо.",товары для детей
24,"Коляска так и не пришла, хотя деньги вернули. Доставка заняла больше месяца. Очень разочарована.",нет товара
25,"Подгузники для моего ребенка просто чудо! Он их очень любит и никак не хочет их снимать. Надеюсь, они будут служить долго.",товары для детей
26,Подгузники оставляют желать лучшего по качеству. После нескольких дней использования на коже ребенка начались раздражения и воспаления. Не рекомендую.,товары для детей
27,"Подгузники были заказаны неделю назад, но до сих пор не пришли. Заказчик не отвечает на звонки и не возвращает деньги. Очень разочарован.",товары для детей
28,"Плотные подгузники немного давят на животик ребенка, хотя на фото они выглядели более комфортными. Возможно, стоит обратиться к другому производителю.",товары для детей
29,"Заказ так и не пришел, а деньги вернули через две недели. Доставка была очень долгой и не соответствовала обещаниям.",нет товара
30,"Кроватка для моего ребенка идеально подошла по размеру и комфорту! Материал качественный, ребенок спит хорошо.",товары для детей
31,"Кроватка очень плохого качества, ткань начала ломаться уже через неделю использования. Очень разочарован покупкой.",товары для детей
32,"Кроватка пришла только через месяц после заказа, хотя обещали доставку за неделю. Деньги вернули только после спора.",товары для детей
33,"Кроватка сильно растянулась после первой стирки, теперь она не выглядит как должна. Ткань электроризуется.",нет товара
34,"Очень долго ждала кроватку, а она пришла в коробке без упаковки, просто свернутая в рулон. Деньги вернули через Алиэкспресс.",нет товара
35,"Автокресло отличное, ребенок в нем комфортно сидит и не капризничает. Очень рада покупкой!",товары для детей
36,"Автокресло очень плохо сидит по размерам, ребенок постоянно вылезает. Качество просто ужасное.",товары для детей
37,"Заказал автокресло, но его не доставили до сих пор. Деньги вернули только через неделю после обращения.",товары для детей
38,"На автокресле видны царапины и трещины. По описанию никак не предполагалось, что будет в таком состоянии.",нет товара
39,"Очень долго дошло до меня, хотя заказал еще в начале месяца. Упаковка была повреждена, но деньги вернули быстро.",нет товара
40,"Самокат просто замечательный! Дочке очень понравился, она каждый день на нем катается и весело проводит время. Качество отличное, никаких нареканий.",товары для детей
41,"Купила самокат для сына, но качество оставляет желать лучшего. Несколько раз падал на асфальт, и у него начало рваться колесо. Очень разочарована, не рекомендую.",товары для детей
42,"Заказала самокат, но доставка заняла целый месяц. При этом деньги вернули только через спор. Продавец даже не предложил заменить товар. Очень разочарована.",товары для детей
43,"Ткань самоката довольно тонкая, хотя я брала для летних прогулок. У сына постоянно ломались рули, поэтому пришлось вернуть товар.",нет товара
44,"Ждала самокат три недели, но он так и не пришел. Продавец сказал, что он уже в пути, но деньги вернули только через спор. Очень разочарована.",нет товара
45,"Пинетки просто чудесные! Дочка их очень любит и они идеально подходят по размеру. Качество отличное, ткань приятная на ощупь.",товары для детей
46,"Пинетки очень некачественные. На макушке видны стыки, да и вообще они выглядят как сделаны из дешевой ткани. Очень разочарована.",товары для детей
47,"Пинетки так и не пришли, хотя заказ оформила еще месяц назад. Деньги вернули, но процесс доставки был очень долгим и неудобным.",товары для детей
48,"У пинеток очень длинные подошвы, которые постоянно царапают пол. Цвет тоже совсем другой, чем на фото. Очень неудобно.",товары для детей
49,"Посылка так и не пришла, хотя деньги вернули. Упаковка была слабой и коробка раздавилась в пути. Очень расстроена.",нет товара
50,Боди очень красивое и подошло отлично по размеру. Дочка была довольна!,товары для детей
51,"Боди оказалось слишком маленьким для моей дочки, ткань очень тонкая и быстро протиралась.",товары для детей
52,"Боди не пришло, трек не отслеживался и деньги не вернулись до сих пор.",товары для детей
53,"Полоска боди была видна на животике дочки, выглядит некрасиво.",товары для детей
54,"Посылка пришла быстро, но боди оказался в коробке вместе с другими товарами и я его не заметила.",нет товара
55,"Эти ползунки идеально подошли моему маленькому сыну! Он их очень любит и всегда хочет носить их. Качество отличное, ткань мягкая и удобная.",товары для детей
56,Ползунки очень плохого качества. Ткань быстро порвалась и сыну они не подходят по размеру. Очень разочарован покупкой.,товары для детей
57,"Ползунки не пришли до сих пор, хотя уже прошло почти два месяца. Деньги не вернули и продавец не отвечает на сообщения.",товары для детей
58,"Нитки торчат со всех сторон и есть несколько пятен на ткани. Ползунки выглядят не так, как на фото, но не могу сказать что это именно они.",нет товара
59,"Доставка заняла больше месяца, но товар так и не пришел. Продавец отказался вернуть деньги, хотя я уже написал много сообщений.",нет товара
60,"Комбинезон для моей дочери просто идеальный! Он очень красивый и качественный, как на фото. Дочка очень довольна и постоянно просит надеть его снова и снова.",товары для детей
61,"Купила комбинезон для сына, но когда он его надел, выяснилось, что он слишком маленький. Пришлось вернуть его обратно продавцу. Качество материала оставляет желать лучшего – он растягивается при первой же возможности.",товары для детей
62,"Купила комбинезон для своего ребенка месяц назад, но он до сих пор не пришел. Постоянно открывала споры с продавцом о том, когда же получу свой товар. Наконец, продавец вернул деньги через неделю после того, как я открыла последний спор.",товары для детей
63,"На комбинезоне видны неровные швы и даже где-то видна внутренняя сторона ткани. Очень сильно отличается от того, что было на фотографии. Очень разочарована.",товары для детей
64,"Купила комбинезон для ребенка, но он так и не пришел. Ждала его целый месяц, а когда написала продавцу, он сказал, что посылка потерялась. Наконец, деньги вернули, но процесс доставки был очень долгим.",нет товара
65,"Стульчик для кормления просто отличный! Мой ребенок любит сидеть на нем во время еды, он удобный и прочный. Хорошо, что он легко моется и занимает мало места. Рекомендую всем родителям!",товары для детей
66,"Стульчик для кормления оказался совсем не таким, как на фото. Ткань очень дешевая и быстро потускнела. Кроме того, он не соответствует заявленному размеру, хотя заказывала XL, а на рост ребенка оказался слишком маленьким. Качество оставляет желать лучшего.",товары для детей
67,"Заказала стульчик для кормления, но доставка заняла целых три недели вместо обещанных пяти. Деньги вернули быстро, но сам процесс оставил неудовлетворенный вкус. Не рекомендую этого продавца.",товары для детей
68,"Стульчик для кормления пришел без одного из углов. Это очень разочаровало, потому что он не был упакован должным образом. Несмотря на то, что сам стульчик выглядит хорошо, есть проблемы с упаковкой.",товары для детей
69,"Получил коробку с заказом, но она была повреждена и содержимое было испорчено. Деньги вернули, но процесс доставки и упаковки вызвал много вопросов. Нет нужного товара.",нет товара
70,"Манеж просто отличный! Дочка очень любит играть в нём, разные элементы привлекают её внимание.",товары для детей
71,"Манеж оставил очень многое желать лучшего. Он постоянно ломается и детали выпадают, хотя по качеству должен быть прочным.",товары для детей
72,Не могу получить свой манеж уже две недели. Деньги пока не вернули и спор еще не решен.,товары для детей
73,Манеж очень скрипит и издает странные звуки при использовании. Качество действительно оставляет желать лучшего.,нет товара
74,"Доставили не ту упаковку, вместо манежа пришла коробка с игрушками. Обратилась в службу поддержки, но ответа до сих пор нет.",нет товара
75,"Эта погремушка просто замечательная! Моя дочка в восторге от нее, она постоянно ее держит в руках и смеется. Качество отличное, звуки громкие и яркая расцветка привлекает внимание ребенка.",товары для детей
76,"Погремушка оказалась очень дешевой и некачественной. Никаких звуков из нее не слышно, даже когда сильно встряхиваешь. Дочке она не понравилась, она постоянно падает и ломается.",товары для детей
77,"Погремушка так и не пришла, хотя я уже месяц жду ее. Деньги не вернули, продавец отправил несуществующий номер трека. Очень разочарован!",товары для детей
78,"Погремушка пришла со складчиной и отсутствием горловины. У моей дочки нет возможности ее надеть, так как она слишком большая. Ужасное качество!",нет товара
79,"Погремушка пришла в отличном состоянии, но доставка заняла больше месяца. Я бы оставила положительный отзыв, если бы не эта долгая ожидание.",нет товара
80,"Бутылочка для кормления просто замечательная! Она удобная и легко моется. Моему ребенку она очень понравилась, и он радуется каждому кормлению.",товары для детей
81,Бутылочка для кормления оказалась очень дешевой и ее качество оставляет желать лучшего. После нескольких использований начало рваться.,товары для детей
82,"Бутылочка для кормления пришла намного позже, чем обещали. Возврат денег был осуществлен быстро, но доставка оставила много вопросов.",товары для детей
83,"Бутылька для кормления оказалась слишком короткой, на рост 160 см не подошла совсем. Ткань на ней тоже не очень качественная.",товары для детей
84,"Посылка пришла не очень быстро, но упаковка была хорошей. Бутылочка для кормления не была упомянута.",нет товара
85,"Ураа я столько ждала ) Слюнявчик очень тёплая, брала XL на русском наверно 52 или 54 точно. Заказывайте не пожелеете ✨",товары для детей
86,"Слюнявчик пришла в москву около месяца. Кофта прикольная, хороша села на размер S, 42, но не включается. Ехала в москву около месяца и теперь я не могу его использовать.",товары для детей
87,"Слюнявчик не пришла, средства не возвращены!!! Ужасное обслуживание!!! Посылка не пришла, продавец не отвечает.",товары для детей
88,"Слюнявчик пришла быстро. Ткань приятная к телу, но на кофте множество пятен, по моему жирных. Попытаемся отстирать. Размерный ряд не соответствует заявленному. Маломерка, хотя длина рукавов хороша.",товары для детей
89,"Слюнявчик очень долго дошла, больше месяца. Деньги не вернули и никаких ответов от продавца. Ужасная доставка!",нет товара
90,"Развивающий коврик просто отличный! Дочка с удовольствием играет на нём каждый день, развивает мелкую моторику и память. Качество отличное, никаких дефектов не заметила.",товары для детей
91,"Развивающий коврик очень плохого качества. Несколько раз видела, как детки играют на нём и сразу видны разрывы и вылезшие нитки. Очень расстроена покупкой.",товары для детей
92,"Развивающий коврик пришел намного позже, чем обещали. Деньги вернули, но время ожидания было ужасным. Спасибо продавцу за возврат.",товары для детей
93,"Коврик рваный и есть несколько нитей, которые вылезли. Нет никаких упоминаний о том, что это коврик для развития, только физическое описание дефекта.",нет товара
94,"Пакет с ковриком пришел разорванным. Деньги вернули, но товар не прибыл. Очень расстроена этой ситуацией.",нет товара
95,"Эти ходунки идеально подходят для моей дочери! Она с удовольствием их использует, и они действительно помогают ей развивать моторику. Очень довольны!",товары для детей
96,"Ходунки очень плохого качества! Нитки торчат, и они постоянно сбиваются. Дочке они совсем не подходят, и я очень разочарована.",товары для детей
97,"Ходунки пришли через две недели, хотя обещали быстрое доставление. Деньги я так и не получила обратно, и продавец не ответил на мои сообщения. Очень разочарована покупкой.",товары для детей
98,"Ножки не очень крепкие, и они постоянно ломаются. Несмотря на то, что они не названы в отзыве, очевидно, что это ходунки.",нет товара
99,"Посылка так и не дошла до меня, хотя я заплатила дополнительные деньги за отслеживание. Продавец не вернул мне деньги, и я очень расстроена.",нет товара
100,"Прыгунки просто отличные! Дочке очень понравились, она теперь с большим удовольствием играет на улице.",товары для детей
101,"Приобрела прыгунки для сына, но качество оставляет желать лучшего. На них видны следы использования и они не такие мягкие, как обещали.",товары для детей
102,"Купила прыгунки для дочки, но доставка заняла целых две недели. Когда пришли, оказалось, что они совсем не соответствуют описанию в интернете.",товары для детей
103,"Приобрела прыгунки, но заметила, что они немного прилипают к земле из-за пыльцы. Не могу сказать, что это серьезный дефект, но все же.",товары для детей
104,"Ожидала прыгунки уже несколько дней, но так и не пришли. Деньги тоже не вернули, хотя заказ был оформлен.",нет товара
105,"Три колеса на месте, ребенок в восторге. Велосипед удобный, руль не скользит, можно ездить даже без перчаток.",товары для детей
106,"Ткань велосипеда быстро порвалась, в местах швов видны нитки. Дочке очень расстроилась, когда увидела.",товары для детей
107,"Велосипед не пришел, открыла спор, продавец вернул деньги, но посылку так и не получила.",нет товара
108,"Велосипед короткий, на фото он выглядит длиннее. Дочка не может ездить на нем.",товары для детей
109,"Упаковка была слегка повреждена, но велосипед сам в хорошем состоянии. Продавец оперативно все исправил.",нет товара
110,"Беговел просто замечательный! Дочка очень довольна, ездит на нем каждый день и даже не просит новый. Он прочный и выглядит отлично.",товары для детей
111,Беговел оказался очень маленьким для моей дочки. Из-за этого она постоянно падает и травмируется. Качество ткани тоже оставляет желать лучшего – быстро рвётся.,товары для детей
112,"Беговел не пришёл уже две недели, и денег мне не вернули. Я даже открыла спор, но всё равно ничего не получилось. Доставка просто ужасная!",товары для детей
113,"По краю торчат нитки. Беговел совсем не соответствует описанию на сайте. Цвет другой, а ткань рваная. Очень разочарован покупкой.",товары для детей
114,Заказ не пришёл и денег нет (((((((((((   стрееееееем  продавцу     фуууууууууу,нет товара
115,Дочь очень довольна этим детским шампунем. Он не вызывает раздражения и кожа после использования становится мягче.,товары для детей
116,"Детский шампунь оказался слишком жестким для моей дочери, кожа после использования была сухой и чрезмерно зудела. Очень разочарован покупкой.",товары для детей
117,"Детский шампунь не пришел неделю назад, хотя заказ был сделан два дня назад. Деньги пока не вернули и я открыла спор.",товары для детей
118,"Шампунь течет из флакона и быстро исчезает, хотя обещали объем побольше. На упаковке было написано 500 мл, а получилось всего 300.",нет товара
119,"Пакет для шампуня пришел сломанным, содержимое вылилось на пол. Поставщик не ответил на мои сообщения.",нет товара
120,Эти влажные салфетки просто находка для моего ребенка! Он их использует после туалета и они помогают ему оставаться чистым. Мы довольны!,товары для детей
121,Влажные салфетки очень сухие и не помогают моему ребенку очищаться после еды. Очень разочарован качеством этой продукции.,товары для детей
122,"Заказал влажные салфетки для ребенка, но они так и не прибыли. Деньги так и не вернулись, продавец даже не ответил на мои сообщения.",нет товара
123,"Плотность ткани очень низкая, и они постоянно скользят с тела моего ребенка. В общем, неудобство.",товары для детей
124,"Получил посылку через месяц после заказа, а на упаковке указано, что будет доставлено в течение недели. Доставка занимает слишком много времени.",нет товара
125,"Ванночка для купания просто отличная! Моя дочка в восторге, она любит играть в ней и даже не замечает, что это ванночка для купания. Очень удобная и практичная вещь.",товары для детей
126,"Ванночка для купания оказалась очень некачественной. На второй день использования начало рваться ткань. Дочка плакала от боли, когда ее туда кладешь. Не рекомендую.",товары для детей
127,"Ванночка для купания так и не пришла, хотя я ждала ее уже три месяца. Деньги продавец не вернул и даже не открыл спор. Очень разочарована и не рекомендую этого продавца.",товары для детей
128,Ванночка для купания оказалась маленькой для моего ребенка. Ткань холодная и не очень приятная к телу. Дочке она больше похожа на мешок.,товары для детей
129,"Доставка заняла почти месяц, а когда ванночка для купания пришла, то оказалось, что упаковка была повреждена. Пришлось отказаться от покупки.",нет товара
130,Отличный горшок для моей дочки! Она очень рада и всегда просит пойти в туалет. Отправили быстро и в отличном состоянии.,товары для детей
131,Горшок не соответствует описанию. Качество ткани оставляет желать лучшего – есть линии и неровности. Сразу же открыла спор и вернула деньги.,товары для детей
132,"Горшок пришел через месяц после заказа, хотя обещали доставку за 5 дней. Когда я позвонила в службу поддержки, мне сказали, что проблема решена, но деньги не вернули.",товары для детей
133,"Горшок очень тонкий и просвечивает. Нитки торчат, в некоторых местах даже не прошито. Несмотря на то, что заказывала именно этот товар, его качество оставляет желать лучшего.",нет товара
134,"Доставка заняла почти неделю вместо обещанных трех дней. Упаковка была слегка повреждена, но сам товар остался целым. Все в порядке, просто хотелось бы получить свои деньги обратно.",нет товара
135,"Эта радионяня просто замечательная! Мой ребенок спит спокойно, а я всегда уверена, что он в безопасности. Качество звука отличное, и сигнал передачи стабильный.",товары для детей
136,Радионяня оказалась очень шумной и постоянно слетала с канала. Я перестала ее использовать из-за постоянных помех. Качество звука оставляет желать лучшего.,товары для детей
137,"Продавец обещал доставить радионяню за неделю, но прошло уже три месяца, и она так и не пришла. Деньги вернули только через месяц после подачи жалобы.",товары для детей
138,После нескольких дней использования радионяня начала слетать с канала и давать много помех. Постоянные проблемы с качеством сигнала разочаровали.,товары для детей
139,"Посылка до сих пор не дошла до меня, хотя прошло уже две недели. Упаковка была повреждена, и внутри находился только коробка без товара.",нет товара
140,"Видеоняня работает отлично, ребенок спокоен и засыпает быстро. Очень рада что нашла этот продукт.",товары для детей
141,"Видеоняня не соответствует описанию. На одной стороне экрана видны горизонтальные полосы, ребенок не может нормально видеть изображение.",товары для детей
142,"Видеоняню получил через неделю после заказа, хотя обещали раньше. Поставщик не ответил на мои вопросы о сроке доставки.",товары для детей
143,"Экран видеоняни слегка треснутый, видно несколько мелких царапин. Стоит обратить внимание на качество.",товары для детей
144,"Видеоняню так и не прислали, хотя деньги вернули сразу же после подачи заявления о недоставке. Доставка просто ужасная.",товары для детей
145,"Сортер для дочки просто отличный! Он очень интересный и разнообразный, ребенок с удовольствием занимается с ним. Качество сборки на высоте, никаких проблем не возникло.",товары для детей
146,"Приобрела сортер для дочки, но качество его оставляет желать лучшего. Кубики быстро начали скользить, а также начал отклеиваться рисунок на стенках. Очень разочарована покупкой.",товары для детей
147,"Заказала сортер для дочки, но доставка заняла почти три недели. При этом, когда я обратилась в службу поддержки, мне ответили, что это обычное время доставки и ничего не могут сделать. Очень разочарована такой работой.",товары для детей
148,"Пришел сортер, но он оказался слишком маленький. Кубики были слишком маленькими для моей дочки, и она их не смогла использовать. Материал тоже оказался тонким и неудобным.",нет товара
149,"Прибыла посылка за три недели вместо обещанных семи дней. Упаковка была повреждена, хотя товар сам по себе оказался в хорошем состоянии. Деньги вернули через месяц после обращения.",нет товара
150,"Пирамидка просто отличная! Дочке очень понравилась, она каждый день просит ее вынуть из коробки и строить разные фигуры. Качество отличное, никаких косяков.",товары для детей
151,"Пирамидка была куплена для сына, но качество оставляет желать лучшего. Структура слабая, ребёнок разбирал её в первый же день. Очень разочарован покупкой.",товары для детей
152,"Пирамидка не пришла, хотя заказ сделала месяц назад. Деньги не вернули и отслеживание отсутствовало. Продавец вообще не отвечает на вопросы, очень разочарована.",нет товара
153,"Пирамидка синтетическая, хотя на картинке выглядит натуральной. Хотела купить для сына, чтобы он занимался логикой, но теперь буду искать другой вариант.",товары для детей
154,"Посылка пришла меньше месяца, но доставка была медленной. Бумажная упаковка тоже оставила желать лучшего, бумага слегка повреждена. В целом, всё в порядке.",нет товара
155,Отличные детские пазлы! Ребенок увлечен их сборкой уже несколько дней. Очень рада покупкой.,товары для детей
156,Детские пазлы очень плохого качества. Много кусочков отвалилось уже после первого дня сборки. Очень разочарована!,товары для детей
157,"Доставка была очень долгой, хотя обещали всего неделю. Деньги не вернули до сих пор. Продавец не ответил ни на один мой вопрос.",нет товара
158,"Пазлы были слегка повреждены в упаковке, кое-какие кусочки отклеились. Но сам товар не был упомянут.",нет товара
159,"Посылка пришла быстро, но коробка повреждена. Деньги не вернули сразу, хотя время покупателя закончилось.",нет товара
160,"Дочке очень понравилось это детское мыло. Она его постоянно просит использовать, говорит, что это ее любимое. Цвет яркий и привлекательный, как на фото.",товары для детей
161,"Не рекомендую этот продукт. Мыло очень быстро истончилось после первого использования и не имеет запаха. Дочке очень расстроилась, когда обнаружила это.",товары для детей
162,"Мыло так и не пришло, хотя я уже месяц жду. Деньги не вернули и до сих пор не могу понять, почему так долго. Написала много жалоб, но ответа нет.",нет товара
163,"Обратила внимание на то, что мыло имеет неровную поверхность и видимые дефекты. Считаю, что это не соответствует ожиданиям для детского продукта.",нет товара
164,"Получила коробку с мылом, но внутри было всего пусто. Связалась с продавцом, но они не могут объяснить ситуацию. Очень разочарована такой упаковкой.",нет товара
165,"Термометр для воды оказался очень удобным и точным. Дочке очень понравился, она теперь может сама проверять температуру воды перед купанием.",товары для детей
166,"Термометр для воды оказался бракованным. При первом же использовании сломался, хотя я заказывала качественный товар.",товары для детей
167,"Заказал термометр для воды, но доставка заняла почти три недели. Дочка уже неделю ждала его, чтобы проверять воду.",нет товара
168,"Верхняя часть термометра для воды сильно ржавеет после использования, хотя по описанию такой проблемы не было.",товары для детей
169,"Упаковка термометра для воды была повреждена во время доставки. К сожалению, когда я его получил, он был сломан.",нет товара
170,"Эта пустышка просто идеальна для моего ребенка! Он так любит ее, что всегда просит ее с собой. Материал мягкий и приятный на ощупь, а дизайн с логотипом добавляет ей дополнительный шарм. Я обязательно куплю еще одну для него.",товары для детей
171,"Пустышка очень плохого качества. Она начала линять уже после первой стирки и теперь имеет неприятный запах. Я была разочарована этим товаром и считаю, что он не стоит тех денег, которые я на него потратила.",товары для детей
172,"Пустышка так и не дошла до меня. Продавец отправил её в другой город вместо указанного. Я обратилась к нему несколько раз, но он не ответил ни разу. В итоге деньги не вернулись, а пустышка так и не доехала.",товары для детей
173,Пластмассовая пустышка очень твердая и неудобная для ребенка. Она постоянно скользит из его рта и мне приходится постоянно её поддерживать. Это неудобно и бесполезно.,товары для детей
174,"Пакет с пустышками пришел разорванным, хотя я не видела никаких признаков повреждения при заказе. Доставка заняла больше времени, чем обещалось, и упаковка была очень хлипкой. Я не рекомендую эту компанию.",нет товара
175,Прорезыватель для зубов оказался очень удобным и помогает малышу справиться с дискомфортом во время прорезывания. Ребенок с удовольствием его использует.,товары для детей
176,"Прорезыватель для зубов оказался очень хрупким. После нескольких дней использования начал ломаться и сломался совсем. Доставка была своевременной, но качество самого продукта оставляет желать лучшего.",товары для детей
177,"Прорезыватель для зубов пришел только через неделю после заказа. Качество обслуживания оставляет желать лучшего, но сам товар оказался на высоте.",товары для детей
178,"Прорезыватель для зубов оказался слишком большим для моей дочери. Материал мягкий, но форма не подходит для ее возраста. Лучше обратить внимание на размеры перед покупкой.",товары для детей
179,"Посылка дошла быстро, но упаковка была повреждена. Прорезыватель для зубов остался целым, но доставка могла быть лучше.",нет товара
180,Царапки для моей дочки оказались просто идеальными! Она очень довольна и часто просит их надевать. Доставка была быстрой и безопасной.,товары для детей
181,"Царапки были куплены для дочери, но они очень плохо сewn. Нитки торчат со всех сторон и ребенок постоянно царапается. Пришлось открыть спор и вернуть деньги.",товары для детей
182,"Царапки пришли очень быстро, но качество оставляет желать лучшего. Дочка была разочарована и не хочет их надевать. Я открыла спор и вернула деньги.",товары для детей
183,"Царапки имеют небольшие дырочки и потертости, хотя на фотографии выглядели идеально. Я не могу сказать, что это дефект царапок, но они совсем не такие, как на картинке.",товары для детей
184,"Царапки пришли немного позже, чем обещали, и упаковка была повреждена. Пришлось обратиться в службу доставки для решения проблемы.",нет товара
185,Чепчик просто отличный! Мой ребенок очень любит его носить. Он отлично держит форму и не вызывает аллергии.,товары для детей
186,"Чепчик очень некачественный. Сразу видно, что сделан из дешевого материала. Край сильно рвется, и ребенок постоянно его теряет.",товары для детей
187,"Чепчик так и не приехал, хотя я ждала его уже две недели. Возврат денег затянулся на месяц, хотя споры были решены быстро.",товары для детей
188,"Верх чепчика слишком тонкий, а нижняя часть не держит форму. Когда надеваешь, видно, что он не сидит правильно.",товары для детей
189,"Отправили пакет с несколькими чепчиками, но они так и не дошли до меня. Доставка заняла больше месяца, и когда я получила посылку, она была повреждена.",нет товара
190,Пользуюсь этим детским кремом уже неделю и очень довольна результатом. Сыну 2 года и он без проблем его использует. Кожа у него стала мягче и гладче.,товары для детей
191,"Купил детский крем для своей дочери, но он оказался слишком сухим и не помог с кожными высыпаниями. Кожа у нее стала еще более раздраженной после использования.",товары для детей
192,"Заказал детский крем для дочки, но доставка задержалась на две недели. Когда получил, крем оказался испорченным и сильно пахло плесенью. Продавец даже не предложил замену.",нет товара
193,"На фото крем выглядел более светлым, а при получении оказался темнее. При использовании начал отсыреть и появился запах плесени. Кожа ребенка стала красной и зудящей.",товары для детей
194,"Крем пришел в коробке с поврежденной упаковкой. Хотя сам крем не поврежден, процесс получения товара был неудобным и стрессовым.",нет товара
195,Присыпка просто отличная! Дочка сразу полюбила ее и постоянно просит надеть. Она хорошо смягчает кожу и не вызывает раздражения.,товары для детей
196,"Присыпка оставляет много следов на одежде, а также имеет неприятный запах. Качество оставляет желать лучшего.",товары для детей
197,"Заказала присыпку для дочки на размер больше, чтобы она могла использовать ее дольше. Однако, она не пришла до последнего дня. Очень расстроена!",товары для детей
198,"На фото видно, что присыпка имеет неровные края и в некоторых местах отсутствует. Надеюсь, это случайность.",товары для детей
199,"Получила коробку с присыпкой, но внутри оказалась пустая упаковка. Доставка была быстрой, но товар явно не соответствовал ожиданиям.",нет товара
200,"Ниблер отличный, ребенок в него влюбился сразу. Он такой яркий и веселый!",товары для детей
201,"Ниблер оказался очень маленьким, качество ткани оставляет желать лучшего. Ребенок постоянно дергает его и пытается снять.",товары для детей
202,"Получил ниблер, но доставка заняла целую неделю. Деньги вернули только через месяц после обращения.",товары для детей
203,"Нижняя часть ниблера рваная, видно, что его не тщательно собрали. Ребенок уже не хочет его носить.",товары для детей
204,"Пришел коробок с игрушкой, но не указано, что это ниблер. Доставка была быстрой, но товара внутри не было.",нет товара
205,Стерилизатор для бутылочек просто отличный! Спасибо продавцу за быструю доставку и качественный товар. Дочка с удовольствием его использует.,товары для детей
206,"Стерилизатор для бутылочек оказался очень маленьким для моей дочки. Невозможно пристроить его на столик, а качество сборки оставляет желать лучшего. Очень разочарован!",товары для детей
207,"Заказала стерилизатор для бутылочек два месяца назад, но до сих пор не получил. Даже звонила в службу поддержки, но ответа никакого. Очень разочарована.",товары для детей
208,Не соответствует фото. Стерилизатор для бутылочек оказался слишком громоздким и неудобным. Качество сборки тоже оставляет желать лучшего.,товары для детей
209,"Доставка очень долгая. Пришла упаковка только через неделю после заказа. Пакеты были слегка повреждены, но сам товар в порядке.",нет товара
210,"Отличная кукла для моей дочки! Она очень любит играть с ней и всегда просит ее взять с собой в детский сад. Качество отличное, детали выполнены аккуратно и кукла легко чистится.",товары для детей
211,"Кукла оказалась с браком - глаза вылезли наружу. Дочка была очень расстроена и потребовала возврат. Продавец ответил, что это не их вина и отказывается менять или возвращать деньги.",товары для детей
212,"Кукла не пришла уже неделю, а деньги вернули только через две недели после того, как я открыла спор. Очень разочарована такой службой доставки.",товары для детей
213,"Игрушка просела в центре и теперь не стоит ровно. Дочке очень жаль, но она не может играть с ней. К сожалению, продавец не предлагает обмен или возврат.",товары для детей
214,"Не пришла игрушка. Я написала заявление на возврат денег, но до сих пор их не вернули. Весь процесс доставки был непростым и мучительным.",нет товара
215,"Конструктор просто отличный! Детка с удовольствием собирает модели и даже делится своими сооружениями с другими детьми. Отличное качество сборки, детали не отваливаются. Доставка была немного задержана, но это не испортило моего настроения.",товары для детей
216,"Конструктор очень плохого качества. Детальки постоянно отваливаются, и дети не могут их собрать. Вместо того чтобы помочь развитию мелкой моторики, он только вызывает разочарование. Деньги вернули только через долгие переписки и споры.",товары для детей
217,"Конструктор не прибыл вовремя, хотя я ждал его уже три недели. После того как я открыл спор, продавец вернул деньги, но это было слишком поздно. Доставка должна быть быстрее и надежнее.",товары для детей
218,"Пакет с конструктором пришел разорванным, и детали высыпались на пол. Упаковка была сделана неудачно, и это привело к повреждению товара. Нет никаких слов, чтобы описать это.",нет товара
219,"Почти месяц ждала доставку конструктора. Когда получил, то обнаружил, что коробка была повреждена, и детали были немного повреждены. Упаковщик явно не был внимательным.",нет товара
220,"Кукла просто чудесная! Дочка была в восторге, когда ее распаковали. Она очень похожа на героиню из любимого мультфильма и у нее такие же глаза и волосы. Ребенок очень довольна и просит играть с ней каждый день.",товары для детей
221,"Кукла оказалась сделана из дешевой пластмассы и очень хрупкой. Сразу после получения обнаружила, что у нее сломаны руки и ноги. Качество просто ужасное, не стоит денег, которые я заплатила. Очень разочарована этим товаром.",товары для детей
222,"Кукла так и не пришла, хотя я ждала ее очень долго. Заказала еще неделю назад, но продавец постоянно откладывал отправку. Когда наконец получила ее, то оказалось, что деньги были возвращены сразу же. Это было бы нормально, если бы мне хотя бы сообщили о задержке.",товары для детей
223,"Обратила внимание на то, что кукла сделана из дешевой пластмассы, которая сильно шумит при движении. Кроме того, у нее сломаны руки и ноги. Очень жаль потраченных денег, так как качество просто ужасное.",нет товара
224,"Кукла так и не пришла. Ждала очень долго, но в итоге попросила вернуть деньги. Вернули быстро, буквально на следующий день. Упаковка была повреждена, содержимое было испорчено.",нет товара
225,"Эта машинка просто великолепна! Дочке очень понравилась, она часами играет с ней и даже просит купить ещё одну. Качество отличное, детали точно подогнаны, никаких проблем с сборкой.",товары для детей
226,"Машинка очень плохого качества. Через неделю после покупки разбита передняя часть и едва держится руль. Дочке она больше не нравится, так что ни кому не рекомендую эту машинку.",товары для детей
227,"Заказал машинку для сына, но до сих пор её не получил. Доставка перенесена уже трижды и каждый раз приходится платить за новые сроки. Очень разочарован, надеюсь, что в следующий раз всё будет работать лучше.",товары для детей
228,"На картинке машина выглядит намного лучше. Реальная модель совсем другая - короткие задние колеса и слабо видны детали. Нет ничего особенного, просто обычный пластиковый игрушечный транспорт.",товары для детей
229,"Посылка не пришла вовремя. Отметка была сделана по ошибке, а когда я написал об этом продавцу, он просто не отвечал. Очень разочарован этой службой доставки.",нет товара
230,"Коляска отличная, ребенок в ней удобно находится. Очень довольны покупкой!",товары для детей
231,"Коляска оказалась слишком маленькой для моего ребенка, качество ткани оставляет желать лучшего.",товары для детей
232,"Коляска пришла только через месяц, хотя обещали доставку за неделю. Очень разочарован.",товары для детей
233,"Подушка для коляски не подошла по размеру, была слишком мала. Ткань колется.",товары для детей
234,"Доставка заняла почти два месяца, но упаковка была хорошей, ничего не повредилось.",нет товара
235,"Соска для моей дочки просто идеальная! Она её любит, и теперь спит спокойно ночами. Рекомендую!",товары для детей
236,Соска оказалась бракованной. Моя дочка ее сразу бросила и больше не хочет ее использовать.,товары для детей
237,"Пришла соска через месяц после заказа. Я была разочарована, но товар все равно отличный!",товары для детей
238,"Соска слишком короткая, хотя я заказывала XL размер. Ткань рваная и края не аккуратные.",товары для детей
239,"Пакет с соской пришел разорванный. Доставка заняла больше недели, хотя обещали раньше.",нет товара
240,Подгузники очень удобные и моему ребенку очень нравятся. Спасибо продавцу!,товары для детей
241,"Подгузники очень плохого качества. Нам пришлось менять их каждый час, хотя по описанию они должны были держаться дольше.",товары для детей
242,"Не успела подгузники получить, а уже заказала возврат. Деньги вернули, но доставка заняла больше недели.",товары для детей
243,Подгузники постоянно соскальзывают с попки ребенка. Нам приходится постоянно подправлять их.,товары для детей
244,"Пакет с подгузниками пришел в такой плохом состоянии, что я не рискнула их использовать. Деньги вернули, но пакет был поврежден.",товары для детей
245,"Кроватка для сына просто идеальная! Очень praktical и удобная, ребенок спит хорошо. Доставка немного задержалась, но это не критично.",товары для детей
246,"Кроватка для сына оказалась очень маленькая и неудобная. Матрас не подходит по размеру, грудь постоянно падает. Очень разочарован покупкой.",товары для детей
247,"Купила кроватку для дочери, но она так и не пришла. Деньги вернули, но процесс доставки затянулся на месяц. Продавец отказался отвечать на вопросы.",товары для детей
248,Швы на кроватке плохо сделаны. Есть видимые потертости и расслоение материала. Никогда не буду покупать здесь снова.,товары для детей
249,"Посылка не пришла и не отслеживалась. Деньги вернули, но процесс доставки вызвал много вопросов.",нет товара
250,Самокат идеально подошел моему сыну! Он в восторге и каждый день просит кататься на нем.,товары для детей
251,Самокат оказался слишком большим для моего ребенка и постоянно цеплялся за одежду. Очень расстроена покупкой.,товары для детей
252,Самокат не прибыл вовремя и до сих пор не получил его. Деньги вернули только через месяц после оплаты.,товары для детей
253,"На самокате торчат нитки и он сильно тянется. Видимо, сделан из дешевой ткани.",товары для детей
254,"Посылка самоката пришла не полностью. Первую часть доставили быстро, но вторую так и не принесли.",нет товара
255,"Пинетки на дочку просто замечательные! Она их очень любит и носит их каждый день. Хорошо сидят по размеру, никаких недостатков не обнаружила. Доставка была немного задержана, но сам товар полностью соответствует ожиданиям.",товары для детей
256,"Пинетки для сына оказались очень маломерящими. Талия завышена и они не подходят по размеру. Ткань обычного качества, а учитывая цену, ожидания были выше. Очень разочарован покупкой.",товары для детей
257,"Пинетки пришли через неделю после заказа, хотя обещали доставку в течение трех дней. Состояние пакета было испорчено, и пинетки оказались намокшими. Вернула их обратно и открыла спор. Деньги частично вернули, но процесс был очень сложным.",товары для детей
258,"Пошив пинеток на троечку. Носила их несколько раз, но заметила, что они начинают просвечивать. Ткань не совсем плотная, но ребенок их любит.",товары для детей
259,"Заказала пинетки и была приятно удивлена качеством упаковки. Почта доставила посылку в отличном состоянии, хотя ожидала задержек. Пинетки оказались в отличном состоянии.",нет товара
260,"Боди подошло идеально по размеру и качество отличное! Дочке очень понравилось, она постоянно просит надеть еще.",товары для детей
261,Боди очень тонкое и просвечивает. Приходится надевать сверху толстовку. Качество оставляет желать лучшего.,товары для детей
262,"Не успела боди получить, как уже начали доставлять. Вернули деньги и отправили заказ повторно.",товары для детей
263,Боди немного рваное и есть небольшие линии на ткани. Но сама вещь хорошая.,товары для детей
264,"Получила заказ через неделю после покупки, но боди так и не пришло. Вернули деньги обратно.",нет товара
265,Ползунки идеально подходят моему малышу. Он их очень любит и носит их каждый день.,товары для детей
266,"Ползунки оставили многое желать лучшего. Материал тонкий и неудобный, ребенок постоянно капризничает.",товары для детей
267,"Ползунки пришли очень быстро, но качество оставляет желать лучшего. Я уже открыл спор о возврате.",товары для детей
268,"Ползунки немного велики, не подошли моей дочери. Спереди они немного тесные.",товары для детей
269,Посылка пришла в очень плохом состоянии. Ползунки оказались полностью сломанными и не пригодны к использованию.,нет товара
270,"Комбинезон для моей дочери просто замечательный! Он очень красивый и удобный, она его очень любит.",товары для детей
271,"Комбинезон очень плохо сидит по размеру, он слишком мал для моей дочери. Ткань также очень сминается при ношении и выглядит неаккуратно.",товары для детей
272,"Комбинезон пришел вовремя, но когда я позвонила в службу поддержки, мне сказали, что они не могут вернуть деньги за этот товар. Очень разочарованная.",товары для детей
273,"Ткань комбинезона оказалась синтетической, а не натуральной как обещали. Комбинезон пришел слегка мятым и запах был довольно сильным.",нет товара
274,"Заказ не пришел, деньги не вернули. Ждала около месяца, но ничего не пришло. Очень разочарована.",нет товара
275,Стульчик для кормления просто отличный! Мой ребенок с удовольствием сидит на нем и ест. Очень удобная конструкция и прочный.,товары для детей
276,Стульчик для кормления оставил многое желать по качеству. Ткань быстро потемнела и стала колоть кожу ребенка. Покупкой я очень расстроена.,товары для детей
277,"Доставка была быстрой, но стульчик для кормления так и не пришел. Деньги не вернули и продавец не отвечает на сообщения. Очень разочарован!",товары для детей
278,"Рисунок на стульчике для кормления нечеткий и ткань слегка тонковата. Нитки торчат из всех швов, пришлось подрезать и закреплять. Но на зиму в качестве домашнего стульчика вполне годится.",товары для детей
279,"Посылка пришла раньше, чем ожидалось, но сам стульчик для кормления не был в упаковке. Упаковка была повреждена и стульчик оказался поврежденным при доставке.",нет товара
280,"Манеж просто отличный! Мой ребенок с удовольствием играет там, и у него хватает места для всех игрушек. Очень рада покупкой.",товары для детей
281,Манеж оказался очень маленьким для моего ребенка. Ткань дешевая и быстро рвется. Очень разочарован.,товары для детей
282,"Манеж не дошел до меня по адресу. Деньги вернули быстро, но это было уже после того, как я открыла спор.",товары для детей
283,Пластмассовая деталь в манеже сломалась через неделю использования. Качество оставляет желать лучшего.,товары для детей
284,"Манеж не прибыл по указанному сроку. Деньги вернули, но это было уже после того, как я открыла спор.",нет товара
285,"Эта погремушка просто замечательная! Мой ребенок в восторге от нее, она очень интересная и разноцветная. Рекомендую всем родителям!",товары для детей
286,Погремушка не соответствует заявленному качеству. Края рваные и она быстро разбивается при небольшом ударе. Очень разочарован.,товары для детей
287,Погремушка не пришла вовремя и деньги вернули только через месяц после обращения. Очень разочарован сервисом.,товары для детей
288,"Пуговицы на погремушке слабые, уже отклеились после нескольких дней использования. Ткань тоже немного рваная.",товары для детей
289,"Доставка заняла почти месяц, а погремушки вообще не пришли. Деньги вернули только после того, как я написал отзыв здесь.",нет товара
290,"Бутылочка для кормления отличная, ребенок ее просто обожает! Настоящее удовольствие каждое кормление.",товары для детей
291,"Бутылочка для кормления очень плохо сделана. Материал мягкий, но рвется на малейшем давлении. Детка отказывается пить из-за этого.",товары для детей
292,"Бутылочка для кормления не пришла три месяца. Хотя я уже открыла спор и неоднократно писала продавцу, ситуация до сих пор не решена.",товары для детей
293,"Бутылочка для кормления немного короткая, пятно на ней видно. Но сама бутылочка приятная на ощупь, материал качественный.",товары для детей
294,"Бутылочка для кормления так и не пришла. По истечении 4 месяцев продавец не хотел возвращать деньги, пока не вмешался Алиэкспресс.",нет товара
295,"Слюнявчик очень понравился моему малышу! Он такой яркий и красивый, ребенок в нем смеется и веселится. Качество отличное, не рвется и не линяет.",товары для детей
296,"Слюнявчик оказался очень маленьким для моего ребенка. Племянница была в нем как в коробочке, неудобно и не подходит. Качество тоже оставляет желать лучшего, ткань растягивается.",товары для детей
297,"Слюнявчик пришел очень быстро, но доставка была не отслеживаемой. Продавец сказал, что это стандартный процесс, но мне это не понравилось. Пришлось ждать долго.",товары для детей
298,"Юбочка выполнена качественно, материал мягкий. Но не подошла, так как заказали по размеру, а описания размера не читали. Будьте внимательны!",товары для детей
299,"Посылка пришла быстро, но не отслеживалась. Очень рада, что дошла до меня вовремя. Упаковка была хорошей, ничего не повредилось в пути.",нет товара
300,"Развивающий коврик просто чудесный! Мой ребенок очень любит играть на нем и развивать мелкую моторику. Качество отличное, коврик прочный и безопасный.",товары для детей
301,"Развивающий коврик очень плохого качества. Края начали рваться уже после нескольких дней использования, а также есть заметные пятна на поверхности.",товары для детей
302,"Коврик пришел гораздо позже, чем обещали. Я уже подала заявление на розыск, но продавец не помог и денег не вернул. Очень разочарована.",товары для детей
303,"Коврик мягкий, но очень тонкий. По ощущениям он больше похож на плёнку, чем на коврик. Цвет не соответствует фотографии на сайте.",товары для детей
304,"Заказ пришел в Самару за месяц. Доставка была очень медленной, хотя и в целости и сохранности. Упаковка была в порядке.",нет товара
305,"Мобиль на кроватку просто чудо! Моя дочка так смеется и радуется, когда его включают. Качество отличное, детали яркие и безопасные.",товары для детей
306,"Мобиль на кроватку оказался очень дешевым и не очень качественным. Материалы тонкие, края рваные, ребенок даже не заметил его после покупки.",товары для детей
307,"Заказал мобиль на кроватку, а его так и не пришло. Пришлось открыть спор и вернуть деньги. Доставка задерживается уже неделю.",товары для детей
308,"Пришел мобиль на кроватку, но качество оставляет желать лучшего. Ткань колется и есть несколько нитей, которые торчат.",товары для детей
309,"Заказал мобиль на кроватку, но доставка так и не пришла. Деньги возвращают, но процесс очень долгий и неудобный.",нет товара
310,"Ходунки просто замечательные! Дочке очень понравились, начала ходить увереннее, материал мягкий и приятный на ощупь.",товары для детей
311,"Ходунки очень плохого качества, ножки торчат и крепления слабые, ребенок постоянно падает. Обещанные 2 недели на доставку заняли почти месяц.",товары для детей
312,"Ходунки не прибыли вовремя, хотя заказ сделала заранее. Возврат денег не был проведен сразу же, пришлось открывать спор.",товары для детей
313,"Ножки ходунок немного короткие, материал слегка колется, особенно в теплую погоду. Ребенок ходит в них уже неделю и пока довольна.",товары для детей
314,"Парка шла 31 день до Сочи, заказывала 3XL, но получила как L. Нитки торчат и упаковка была повреждена при доставке.",нет товара
315,"Прыгунки моей дочке очень понравились! Она их постоянно просит надеть и с удовольствием играет в песочнице. Качество отличное, никаких дефектов не заметила.",товары для детей
316,"Приобрела прыгунки для сына, но они оказались очень маленькими. Размер на 2 размер меньше, чем указан в описании. Качество ткани тоже оставляет желать лучшего, после первой стирки заметно потускнели.",товары для детей
317,"Прыгунки пришли только через месяц после заказа. При этом доставка стоила дороже самой покупки! Возврат был сложным процессом и занял еще неделю. В общем, неудобства доставки значительно превышают удобство покупки.",товары для детей
318,"После стирки прыгунки сильно потеряли форму и стали растягиваться. Ткань стала колоть кожу ребенка, хотя до этого никаких проблем не было. Надеюсь, это случайный дефект.",товары для детей
319,"Посылка пришла быстро, но упаковка была повреждена, и прыгунки оказались в мешке с грязью. Доставка до Иркутской области заняла чуть больше месяца, хотя обещали неделю. Продавец не ответил на мои сообщения.",нет товара
320,"Три года назад купили этот велосипед для дочки, и она с удовольствием его ездит. Он прочный и выдерживает любые нагрузки.",товары для детей
321,"Велосипед трехколесный оказался очень слабым, места не хватает ни одной ребенку. Качество просто ужасное, не рекомендую.",товары для детей
322,"Велосипед до сих пор не пришел, уже два месяца жду. Деньги вернули, но время ожидания было очень долгим. Всегда была связана с продавцом, он все объяснил.",нет товара
323,"Велосипед трехколесный порвался после нескольких недель использования, хотя обещали что он будет стойким к повреждениям.",товары для детей
324,"Доставка до меня дошла слишком медленно, хотя указано было что будет быстро. Упаковка была слегка повреждена, но товар в себе оказался целым.",нет товара
325,"Беговел отличный, ребенок в восторге! Очень прочный и красивый. Дочка ездит на нем уже неделю и не хочет пересаживаться.",товары для детей
326,"Беговел оказался полным разочарованием. Ткань рваная, детали не пришиты качественно. Дочке он совсем не подходит, так и не смогла даже сесть на него.",товары для детей
327,"Беговел пришел через месяц после заказа. Зато когда приехал, оказалось, что он маломерка. Пришлось искать новый размер.",товары для детей
328,"Беговел просвечивает и короткий, хотя на фото он выглядел иначе. На ощупь ткань не понравилась, не смотря на то, что он не назван в отзыве.",нет товара
329,Пришел коробок с беговелом через 60 дней. Доставка очень долгая. Но сам беговел оказался в упаковке испорченным. Открыть его было невозможно.,нет товара
330,Дочке очень понравился этот детский шампунь! Он не вызывает аллергии и хорошо пенится. Рекомендую!,товары для детей
331,Этот детский шампунь оставил у меня плохое впечатление. Он быстро вымывается и не держится долгое время.,товары для детей
332,"Долго ждала этот шампунь для дочки, но когда пришла посылка, оказалось, что он не соответствует описанию на сайте. Деньги не вернули, так что заказывать снова не рискну.",нет товара
333,"На упаковке написано, что шампунь для детей, но на деле оказалось, что он слишком густой и не моет волосы полностью.",товары для детей
334,"Пришла посылка, но коробка была повреждена, и внутри не было ни одного шампуня. Деньги не вернули, так что заказывать снова не рискну.",нет товара
335,"Влажные салфетки идеально подходят моему ребенку. Он их использует после еды и перед сном, чтобы поддерживать чистоту.",товары для детей
336,Влажные салфетки оказались очень сухими и не выполняют свою функцию. Дочке очень расстроились.,товары для детей
337,"Влажные салфетки пришли только через неделю после заказа, хотя обещали доставку в течение трех дней. Деньги вернули, но это не компенсирует мои ожидания.",товары для детей
338,"Горловина салфеток кривая, они постоянно скользят в руках ребенка и выскакивают.",товары для детей
339,"Быстрая доставка, но упаковка была сломана и салфетки оказались поврежденными. Очень разочарован.",нет товара
340,"Ванночка для купания просто отличная! Моя дочь очень любит играть в ней, и она удобно помещает ее в ванну. Хочу поблагодарить продавца за быструю доставку!",товары для детей
341,"Ванночка для купания была куплена для моего сына, но качество оставляет желать лучшего. Она быстро порвалась после нескольких использований, хотя по описанию выглядела прочной.",товары для детей
342,"Ванночка для купания не прибыла вовремя, хотя я уже открыла спор. Деньги не вернулись до сих пор, и продавец закрыл спор без моего согласия, что очень разочаровало.",товары для детей
343,"Пришла ванночка для купания в слегка полинявшем состоянии, хотя на фото выглядела идеально. Нет никакого следа нарушения упаковки, но качество оставляет желать лучшего.",товары для детей
344,"В этот раз заказывала ванночку для купания, но не получила ее вовремя. Деньги были вернуты, но это не решает проблему с доставкой.",нет товара
345,"Горшок супер, мой ребенок его очень любит! Он отлично подошел по размеру и удобен в использовании.",товары для детей
346,"Горшок очень плохого качества, ткань рвется сразу после первой же попытки использовать. Очень разочарован покупкой.",товары для детей
347,"Горшок пришел вовремя, но доставка заняла больше недели. Кроме того, упаковка была повреждена, когда я получил посылку.",товары для детей
348,"Горшок немного короткий и тонкий, несмотря на то что указано на сайте. Качество ткани оставляет желать лучшего.",товары для детей
349,"Горшок так и не прибыл, хотя заказ был сделан давно. Деньги вернули, но это не компенсирует потерянное время.",нет товара
350,"Радионяня отличная! Ребенок спит весь вечер, а я могу слушать его из любой комнаты дома.",товары для детей
351,Радионяня оказалась очень шумной и часто выключается сама по себе. Дочка просыпалась от шума и не могла заснуть.,товары для детей
352,"Заказала радионяню неделю назад, но до сих пор ее не получил. Деньги не вернули и продавец ведет себя агрессивно.",товары для детей
353,Ткань радионяни рваная и в некоторых местах выглядывает проводка. Пришлось вернуть товар.,товары для детей
354,"Трек не отслеживался почти неделю, а когда пришла посылка, то оказалась полностью пустой. Деньги не вернули.",нет товара
355,"Видеоняня работает отлично! Дочка постоянно смотрит в камеру и радуется, когда видит меня. Очень удобная вещь для работы.",товары для детей
356,"Видеоняня оказалась очень слабой по сигналу. Дочка видела только когда я была в комнате рядом. Качество видео плохое, не рекомендую.",товары для детей
357,Видеоняню не доставили два дня после заказа. Пришлось открыть спор и ждать возврата денег. Очень разочарована.,товары для детей
358,"На картинке показано, что видеоняня должна быть с розовой подставкой, но у меня оказалась белая. Ткань очень тонкая и легко мнется.",нет товара
359,Пакет для видеоняни пришел сломанным. Несколько раз пережимался и содержимое могло выпасть. Доставка заняла больше месяца.,нет товара
360,"Сортер отличный, ребенок очень любит играть с ним. Все части хорошо пристраиваются и легко разбираются.",товары для детей
361,"Приобрела сортер для своего ребенка, но качество оставляет желать лучшего. Некоторые части сломались уже через неделю использования.",товары для детей
362,"Приобрела сортер для своего ребенка, но доставка была очень медленной и стоила дороже, чем сам товар.",товары для детей
363,"На сортере видны царапины и потертости, хотя на фото они не были видны.",нет товара
364,"Пришла коробка с сортером, но доставка была медленной и курьер оставил её в подъезде без подписи, что вызвало небольшую путаницу.",нет товара
365,Пирамидка для моей дочки оказалась идеальной! Она с удовольствием играет с ней каждый день и не устаёт. Спасибо продавцу!,товары для детей
366,"Пирамидка была куплена для сына, но качество оставляет желать лучшего. Край оказался слишком острым, и сын порезался. Очень разочарован.",товары для детей
367,"Пирамидка не пришла целой, после нескольких недель переписки с продавцом, вернули деньги. Доставка заняла более месяца!",товары для детей
368,"На одной стороне пирамидки видны следы от синтетики. Пришлось вернуть её обратно, несмотря на то что продавец просил не делать этого.",товары для детей
369,"Пирамидка пришла в слегка помятом состоянии. Доставка заняла почти два месяца, хотя обещали неделю. Очень разочарована.",нет товара
370,Заказала детский пазл и осталась очень довольна! Пазлы легко собираются и интересны для ребенка. Дочка очень рада!,товары для детей
371,Пазлы были очень маленького размера и ребенок не смог их собрать. Очень разочарована качеством товара.,товары для детей
372,"Доставка задержалась на две недели, а когда пришли пазлы, они оказались совсем не теми, что на фото. Постоянно открывал споры с продавцом.",товары для детей
373,Пазлы были немного рваные и некоторые кусочки были нестандартной формы. Не могли собрать их вовремя.,нет товара
374,"Пакет с пазлами пришел сломанным, пазлы рассыпались во время транспортировки. Деньги вернули только после долгих споров.",нет товара
375,"Книжка-игрушка просто чудесная! Сыну очень понравилось, он часами ее рассматривает и называет все предметы. Качество отличное, материалы мягкие и безопасные.",товары для детей
376,"Купила книжку-игрушку для дочки, но она очень маленькая и не подходит по размеру. Приходится постоянно подкладывать под нее подушку, чтобы она была в нужном положении. Качество оставляет желать лучшего, ткань тонкая и легко порвется.",товары для детей
377,"Заказала книжку-игрушку для сына, но она не пришла. Деньги вернули, но время ожидания было слишком долгим. Продавец не ответил на мои запросы и не предоставил никаких объяснений.",товары для детей
378,"Пришла книжка-игрушка, но на одной из страниц вырван уголок. Она выглядит немного потерянной и не совсем как на сайте. Качество оставляет желать лучшего.",нет товара
379,"Отправили коробку, но внутри не было ни одной книги. Доставка была быстрой, но товар не соответствовал ожиданиям. Надеюсь, это был простой недоразумение.",нет товара
380,"Отличное детское мыло! Сын очень любит его пользоваться, и кожа у него после него стала мягче.",товары для детей
381,"Детское мыло оказалось слишком сухим для кожи ребенка, и после его использования у сына появились трещины. Никогда больше не куплю здесь!",товары для детей
382,"Заказал детское мыло для ребенка, но его до сих пор не получилось. Алиэкспресс говорит, что заказ уже доставлен в другой город, вернуть деньги не могут.",нет товара
383,Майка для ребенка оказалась рваной и синтетической. Дочка жалуется на дискомфорт. Качество ужасное!,товары для детей
384,"Доставка заняла более месяца, хотя обещали всего две недели. Мыло оказалось сомнительным, но главная проблема - задержка.",нет товара
385,Термометр для воды просто отличный! Он точно измеряет температуру воды и удобно лежит в руке. Мой ребенок очень любит пить воду из своего любимого термометра.,товары для детей
386,"Термометр для воды оказался очень дешевым и некачественным. Вода была холоднее, чем показывал термометр, и детали начали отваливаться уже через неделю использования.",товары для детей
387,"Термометр для воды так и не пришел, хотя заказ сделан давно. Пришлось открыть спор и ждать ответа продавца. Деньги вернули только после долгих переписок.",товары для детей
388,"Дочка постоянно капризничает, но этот термометр для воды ей понравился. Он сидит немного коряво, но зато такой красивый!",нет товара
389,"Посылка дошла очень медленно, хотя обещали всего 10 дней. Картонная упаковка была слегка повреждена, но сам товар оказался целым.",нет товара
390,"Сыну очень понравилось новое креслице. Он каждый день просит играть в него и спать в нем. Качество отличное, надежное и безопасное.",товары для детей
391,"Кукла для дочки оказалась очень дешевой и сломалась уже через неделю после покупки. Качество материала просто ужасное, не стоит своих денег.",товары для детей
392,"Купила креслице для сына, но оно так и не пришло. Продавец говорит, что отправил, но трек номер не действителен. Очень расстроена, потеряла много времени.",товары для детей
393,"Юбка для дочери очень красивая, но на самом видном месте есть повреждение ткани, похожее на ожоги. Ткань обуглена, не могу носить.",товары для детей
394,"Купила креслице для сына, но доставка заняла почти месяц. Когда оно наконец пришло, оказалось, что упаковка была повреждена и внутри ничего не было.",нет товара
395,Прорезыватель для зубов идеально подошел моему ребенку. Он очень понравился и помогал ему с облегчением боли во время прорезывания. Дочка довольна и теперь просит его каждый раз перед сном.,товары для детей
396,"Прорезыватель для зубов оказался очень некачественным. После нескольких дней использования начал ломаться и терять форму. Очень расстроило, когда ребенок начал раздражаться из-за этого.",товары для детей
397,"Прорезыватель для зубов пришел намного позже, чем обещали. Это очень разочаровало. Когда я позвонила в службу поддержки, мне сказали, что проблема с их стороны и вернуть деньги будет сложно.",товары для детей
398,"Ткань прорезывателя для зубов немного рваная и имеет неприятный запах. Это очень огорчило, особенно потому что ребенок часто его использует.",нет товара
399,"Отправили коробку в неподходящем состоянии, и прорезыватель для зубов оказался поврежденным при доставке. Очень разочарован работой службы доставки.",нет товара
400,"Царапки для дочки оказались идеальными! Она их полюбила сразу и играет с удовольствием. Цвет яркий, детали аккуратные.",товары для детей
401,"Царапки были куплены для дочки, но качество оставляет желать лучшего. Нитки торчат со всех сторон, ткани рваные. Дочке они не подходят.",товары для детей
402,"Царапки заказала для дочки, но доставка заняла почти неделю. Деньги вернули только через несколько дней после обращения. Очень разочарована.",товары для детей
403,"Нитки торчат со всех сторон, ткань колется. Не могу понять, как это можно было продать. Жаль дочку.",нет товара
404,"Царапки не дошли до меня, инфо по отслеживанию не было. Жду возврата денег уже неделю.",нет товара
405,"Чепчик для моей дочки просто чудесный! Он очень красивый и praktical, хорошо держит форму и выглядит как новый даже после нескольких дней носки.",товары для детей
406,"Чепчик оказался очень маленьким, хотя я указала размер L. Голова дочки в него не помещается, хотя она ей очень нравится по дизайну.",товары для детей
407,"Не получила чепчик, хотя система показывает что он был доставлен. Пришлось открыть спор и теперь жду возврата денег.",товары для детей
408,Чепчик немного растянулся после первой же стирки и теперь совсем не подходит. Ткань стала тоньше и выглядит дешево.,товары для детей
409,"Посылка не дошла до адресата. При получении была пустая коробка, хотя я оплатила товар.",нет товара
410,Присыпка просто чудесная! Ребенок ее очень любит и всегда просит погреть ручки перед игрой. Благодарю продавца!,товары для детей
411,"Присыпка оказалась очень сухой и пыльной. Ребенок ее даже не хотел использовать, хотя раньше были такие же. Качество ужасное.",товары для детей
412,"Заказал присыпку ребенку, но так и не пришла посылка. Деньги вернули только через неделю после того, как я открыл спор. Очень разочарован.",товары для детей
413,"На присыпке есть небольшая полоска, которая не отстирывается. В целом она нормальная, но качество оставляет желать лучшего.",товары для детей
414,"Ждала присыпку почти полгода, а она так и не пришла. Деньги вернули сразу после того, как я открыл спор. Служба Алиэкспресс работает плохо.",нет товара
415,"Ниблер отличный, мой ребенок очень рад! Качество отличное, цена соответствует качеству.",товары для детей
416,Ниблер оказался очень слабым и быстро ломается. Мой ребенок разочарован и теперь не хочет его носить.,товары для детей
417,"Заказал ниблер, но до сих пор не получил его. Доставка вообще никакая, уже неделю жду и ничего.",товары для детей
418,Ткань ниблера рвется на мелкие кусочки при первой же стирке. Очень разочарован таким качеством.,товары для детей
419,"Посылка пришла в очень плохом состоянии, коробка повреждена и внутри ниблера тоже. Доставка просто ужасная.",нет товара
420,Стерилизатор для бутылочек просто чудо! Мои бутылочки всегда чистые и безопасные.,товары для детей
421,"Стерилизатор для бутылочек оказался очень плохого качества. Бутылочки не стерилизуются полностью, хотя инструкция говорит обратное.",товары для детей
422,"Заказал стерилизатор для бутылочек, но доставка заняла больше месяца. Деньги вернули только после того, как я открыл спор.",товары для детей
423,"Ткань у стерилизатора для бутылочек рваная, видно сразу же при открытии упаковки.",нет товара
424,"Пришли коробки с бутылочками, а не стерилизатор. Деньги вернули, но доставка заняла неделю.",нет товара
425,Игрушка для моего сына оказалась отличной! Он просто в восторге от нее и каждый день просит играть с ней.,товары для детей
426,Игрушка оказалась полной разочаровкой. Она была сломана сразу же после покупки и не подошла по размеру.,товары для детей
427,"Пришла игрушка, но доставка заняла больше времени, чем обещали. Когда я позвонила в службу поддержки, они не смогли ничего сделать.",товары для детей
428,Детская кровелька оказалась слишком тонкой и просвечивающей. Видно все через нее.,товары для детей
429,"Отслеживание заказа был пропущен, хотя я платила дополнительные деньги за это. В итоге игрушка так и не пришла.",нет товара
430,Этот конструктор просто отличный! Мой ребенок очень любит его玩偶喜欢玩耍，这个积木套装真的非常好！我的孩子非常喜欢它。,товары для детей
431,Конструктор очень плохого качества. Некоторые детали были сломаны при доставке и не смогли собраться вместе. Очень разочарован!,товары для детей
432,"Конструктор не пришел по указанному адресу, началась спор, но ответ был написан на непонятном языке. Очень разочарован доставкой.",товары для детей
433,"Материалы конструктора слишком мягкие, детям трудно их держать. Лучше бы выбрал более прочный материал.",товары для детей
434,"Получил коробку с большим количеством пакетов и упаковочных материалов, но никакого конструктора внутри. Очень разочарован покупкой.",нет товара
435,"Кукла просто супер! Дочка очень довольна, играет ей каждый день. Она такая красочная и детали сделаны отлично.",товары для детей
436,"Кукла оказалась очень дешевой и из дешёвой пластмассы. Каждый раз, когда дочка её берёт в руки, она начинает скрипеть и трескаться.",товары для детей
437,"Кукла пришла через неделю, но доставка заняла почти месяц. Кроме того, деньги за товар не вернули, пока не открыли спор.",товары для детей
438,"Кукла очень мягкая на ощупь, но у неё отсутствуют глаза и рот, что делает её некомфортной для игры.",нет товара
439,"Посылка пришла быстро, но коробка была повреждена, и кукла внутри тоже. Часть денег вернули, но это не решает проблему.",нет товара
440,Машинка приехала в отличном состоянии и очень понравилась моему ребенку. Он в восторге каждый раз просит ее поиграть.,товары для детей
441,"Машинка была сшина очень плохо, сразу же сломалась после нескольких минут использования. Качество оставляет желать лучшего.",товары для детей
442,"Заказал машинку для своего сына, но доставка заняла почти месяц. Когда машинка пришла, уже было поздно, сын уехал в школу. Деньги вернули, но время потерял.",товары для детей
443,Машинка пришла со сколом на кузове и одна из колесных деталей была оторвана. Пришлось отправить её обратно.,товары для детей
444,"Посылка не была доставлена по указанному адресу, а была отправлена другой человеку. Продавец сказал, что это их ошибка, но деньги вернули.",нет товара
445,"Коляска просто отличная! Удобная, качественная и безопасная. Ребенок в ней спокойно спит всю ночь. Спасибо продавцу!",товары для детей
446,Коляска не соответствует описанию. Ходовые колеса постоянно скрипят и не обеспечивают комфорт при передвижении. Очень разочарован,товары для детей
447,"Продавец вообще не отправил коляску, уже два месяца мучаюсь. Деньги тоже не вернули, ужасная компания.",нет товара
448,"Нет ручек для переноски, ткань на сидении колется, а также неудобные подножки. Ничего хорошего сказать не могу",товары для детей
449,"На рост 175 см коротковата, доставка заняла две недели. Спасибо за быструю доставку!",нет товара
450,"Соска для моей дочки просто идеальна! Она ее любит и использует постоянно. Качество отличное, материал мягкий и приятный на ощупь.",товары для детей
451,Соска оказалась очень маленькой по сравнению с размером моей дочки. Она не подошла совсем и дочке было неудобно ее использовать. Качество оставляет желать лучшего.,товары для детей
452,"Соска пришла очень быстро, но когда я узнала, что она не подходит по размеру, сразу открыла спор. Процесс возврата денег затянулся на две недели, что очень разочаровало.",товары для детей
453,"Купила соску для своего ребенка, но качество ткани оставляет желать лучшего. Она очень тонкая и легко порвется. Цвет также отличается от того, который был на фотографии.",нет товара
454,"Соска пришла очень быстро, но доставка заняла всего неделю, а не три месяца как обещали. Упаковка была в порядке, но я ожидала большего времени доставки.",нет товара
455,"Всегда покупаю подгузники этой марки для своего ребенка, и всегда довольна покупкой. Они удобные и моему малышу нравятся.",товары для детей
456,"Подгузники оказались очень некачественными, промокают даже при минимальном давлении. Моему ребенку они совсем не подходят.",товары для детей
457,"Заказала подгузники, но они так и не пришли. Деньги вернули, но доставка заняла больше месяца. Очень разочарована.",товары для детей
458,Плотность ткани подгузников не соответствует описанию на сайте. Она очень тонкая и не обеспечивает должной защиты.,товары для детей
459,"Посылка пришла очень быстро, но упаковка была сломана, а внутри ничего не было. Деньги вернули, но это не решает проблемы.",нет товара
460,"Кроватка для моей дочери просто отличная! Она удобная и вместительная, а также легко убирается после использования. Дочь спит спокойно и хорошо.",товары для детей
461,"Кроватка оставила желать лучшего. Ткань начала линять уже через неделю использования, а внутренние части стали вонять. Я очень расстроена этим приобретением.",товары для детей
462,"Купила кроватку для дочки, но она не пришла два дня. В конце концов, мне вернули деньги, но это было слишком долго и бесполезно.",товары для детей
463,"Кроватка была мягкой, но после нескольких дней использования начали появляться пятна на ткани, которые никак не отстирываются. Очень разочарована.",товары для детей
464,"Пришло что-то похожее на коробку для кроватки, но внутри оказалась лишь упаковочная бумага. Деньги вернули, но доставка заняла больше месяца.",нет товара
465,Автокресло просто отличное! Мой ребенок в него прекрасно поместился и чувствует себя комфортно. Спасибо продавцу!,товары для детей
466,"Автокресло пришло с браком. Внутренний ремень был сломан, когда его распаковывала. Вернула его обратно и продавец пока не вернул деньги.",товары для детей
467,"Заказал автокресло, но оно так и не прибыло. Деньги вернули только через неделю после того, как я открыл спор.",нет товара
468,Кожа на заднем сидении стала рваться после нескольких использований. Автокресло не соответствовало заявленному качеству.,товары для детей
469,"Доставка была платной, но трек не отслеживался вообще. После того как я обратился в службу поддержки, деньги вернули только через неделю.",нет товара
470,Этот самокат просто отличный! Дочка очень довольна и каждый день просит ездить на нем кататься. Очень удобный и прочный.,товары для детей
471,"Заказал самокат для сына, но когда пришел, оказалось, что он сломан сразу же после первой езды. Край колеса оторвался и теперь ребенок боится кататься. Продавец обещал вернуть деньги, но до сих пор не ответил.",товары для детей
472,"Самокат не пришел уже две недели, а деньги не вернули. Приходилось звонить и писать продавцу каждый день, но ответа никакого. Очень разочарован такой услугой.",нет товара
473,"Не соответствует описанию. Самокат пришел с одной изолированной левой ногой, которую не мог использовать. Ткань местами рваная, особенно у колес. Очень разочарован такой покупкой.",товары для детей
474,"Заказал самокат через сайт, но доставка так и не пришла. Деньги вернули, но уже через неделю после того, как я подал заявление. Очень разочарован такой службой доставки.",нет товара
475,Пинетки очень понравились моей дочке! Она их любит носить и часто просит надеть именно эти.,товары для детей
476,"Пинетки очень маленькие для моей девочки, не подходят по размеру совсем. Качество ткани тоже оставляет желать лучшего.",товары для детей
477,"Пинетки не пришли уже месяц назад, хотя заказ оформили давно. Деньги так и не вернули, продавец никак не реагирует на мои сообщения.",нет товара
478,Пинетки немного рваные и местами видны нитки. Качество оставляет желать лучшего.,товары для детей
479,"Не ожидала такого долго идти заказ. Доставка заняла больше месяца, а пинетки пришли в отличном состоянии.",нет товара
480,"Боди для моей дочки просто идеальное дополнение к ее гардеробу. Она очень довольна и всегда просит надеть именно это боди. Цвет такой яркий и красочный, что ей нравится.",товары для детей
481,"Боди оказалось слишком маленьким для моей дочери. Несмотря на то, что размер указывался правильно, оно не сидит по фигуре и выглядит как слишком узкое. Ткань оказалась синтетической и не очень приятной на ощупь.",товары для детей
482,"Пришло боди через неделю после покупки, но доставка заняла больше времени, чем ожидалось. Когда я позвонила в службу поддержки, мне сказали, что товар будет отправлен курьером, а не почтой, чтобы он быстрее пришел. Однако я все равно не смогла получить его в течение нескольких дней.",товары для детей
483,"На бедрах боди видны небольшие дырочки, а также нитки торчат на лицевой стороне. Эти дефекты заметны сразу после того, как я его надела. Жаль, что не обратила внимания на фотографии товара до покупки.",товары для детей
484,"Пришла посылка, но упаковка была слегка повреждена, поэтому пришлось открыть коробку аккуратно. Доставка заняла около трех недель, хотя я ожидала, что она будет быстрой. В целом, товар оказался в хорошем состоянии.",нет товара
485,Ползунки идеально подходят моему ребенку. Он в них отлично себя чувствует и не скользит. Очень довольны покупкой!,товары для детей
486,Ползунки очень быстро порвались после первой носки. Материал очень хрупкий и не выдержал. Очень разочарована качеством.,товары для детей
487,"Не получила заказ на почте, продавец вернул деньги. Приходится ждать еще неделю, хотя заказ сделан уже две недели назад.",товары для детей
488,"Ползунки не такие яркие, как на фото. Они выглядят немного бледнее. Возможно, стоит учитывать это при заказе.",товары для детей
489,"Ожидала получить ползунки в течение недели, но до сих пор их нет. Доставка просто тормозит.",нет товара
490,"Этот комбинезон просто идеальный для моего ребенка! Он так смеется и радуется каждое утро, когда надевает его. Очень хорошо подходит по размеру и по сезону.",товары для детей
491,Комбинезон оказался очень маленьким для моей девочки. Качество ткани оставляет желать лучшего – заметны неровности и рваные места. Буду возвращать его.,товары для детей
492,"Заказал комбинезон для дочери, но до сих пор его не получил. Деньги вернули только через месяц после покупки, продавец даже не предложил замену или возврат.",товары для детей
493,"Комбинезон для ребенка оказался слишком коротким, хотя я точно следовал размерной таблице. Нижняя часть была неаккуратно сшита, видны прострочки.",нет товара
494,"Получил пакет с заказом, а внутри всего лишь коробка с бумагой. Ни одного товара не оказалось. Деньги вернули через неделю, но время ожидания было потеряно.",нет товара
495,"Погремушка просто замечательная! Мой ребенок в восторге от нее, она хорошо держится в руках и издает приятные звуки. Я рекомендую ее всем родителям с маленькими детьми.",товары для детей
496,"Погремушка оказалась очень дешево сделанной. Материал быстро износился, и звуки перестали быть громкими уже через неделю использования. Очень разочарован покупкой.",товары для детей
497,"Погремушка пришла намного позже, чем обещали. Деньги вернули только через две недели после того, как я открыла спор. Очень разочарован работой службы доставки.",товары для детей
498,"После нескольких месяцев использования погремушка начала сильно ломаться. Она постоянно слетала со стола и разбивалась. Очень расстроена, так как ожидала долговечности.",нет товара
499,"Заказ так и не пришел, хотя я уже два месяца жду. Деньги вернули только после того, как я открыла спор. Очень разочарован работой вашей службы доставки.",нет товара
